1,KIZARU Jaket Varsity RYUNICHI,5,mantap keren abis,https://www.tokopedia.com/kizaru/kizaru-jaket-varsity-ryunichi-varsity-m
2,KIZARU Jaket Varsity RYUNICHI,4,"Secara keseluruhan bagus jaketnya dari bahannya nyaman, ukuran pas, design oke, harga sesuai, namun pada bagian kancingnya yang sepertinya aga sedikit kurang cocok dengan kain yang digunakan agaknya memberikan kesan jika kancing ditarik takut kain ikut sobek, Karena sedikit keras ketika awal dibuka, semoga tidak seperti itu dan awet jaketnya. Mungkin kekurangan nya ada di bagian itu saja, yang lain mantap!",https://www.tokopedia.com/kizaru/kizaru-jaket-varsity-ryunichi-varsity-m
3,KIZARU Jaket Varsity RYUNICHI,5,"untuk bahan nya oke dan lumayan bagus untuk dipakai,",https://www.tokopedia.com/kizaru/kizaru-jaket-varsity-ryunichi-varsity-m
4,KIZARU Jaket Varsity RYUNICHI,5,sesuai jaket nya keren,https://www.tokopedia.com/kizaru/kizaru-jaket-varsity-ryunichi-varsity-m
5,KIZARU Jaket Varsity RYUNICHI,5,mantap,https://www.tokopedia.com/kizaru/kizaru-jaket-varsity-ryunichi-varsity-m
6,KIZARU Jaket Varsity RYUNICHI,5,"barang lumayan tebel, keren modelnya pengiriman juga cepet",https://www.tokopedia.com/kizaru/kizaru-jaket-varsity-ryunichi-varsity-m
7,KIZARU Jaket Varsity RYUNICHI,5,"respon cepat,selalu puas belanja di kizaru",https://www.tokopedia.com/kizaru/kizaru-jaket-varsity-ryunichi-varsity-m
8,KIZARU Jaket Varsity RYUNICHI,5,"Jaketnya bagus, bahan enak adem.. cuma yaa untuk kancingnya itu kaya terlihat rawan bisa lepas dari jaketnya, semoga bisa jdi saran agar lebih baik buat kancingnya itu.",https://www.tokopedia.com/kizaru/kizaru-jaket-varsity-ryunichi-varsity-m
9,KIZARU Jaket Varsity RYUNICHI,5,suka banget sama modrlnya.jahitan rapi,https://www.tokopedia.com/kizaru/kizaru-jaket-varsity-ryunichi-varsity-m
10,KIZARU Jaket Varsity RYUNICHI,4,agak kecil,https://www.tokopedia.com/kizaru/kizaru-jaket-varsity-ryunichi-varsity-m
11,KIZARU Jaket Varsity RYUNICHI,5,bagus bangetttttttttt bgt bgt bgt bgt bgt,https://www.tokopedia.com/kizaru/kizaru-jaket-varsity-ryunichi-varsity-m
12,KIZARU Jaket Varsity RYUNICHI,5,mantap,https://www.tokopedia.com/kizaru/kizaru-jaket-varsity-ryunichi-varsity-m
13,KIZARU Jaket Varsity RYUNICHI,5,Bagus bgt lah pokoknya. Pengirimannya juga satset satset,https://www.tokopedia.com/kizaru/kizaru-jaket-varsity-ryunichi-varsity-m
14,KIZARU Jaket Varsity RYUNICHI,5,Recommend Seller Fast Delivery,https://www.tokopedia.com/kizaru/kizaru-jaket-varsity-ryunichi-varsity-m
15,KIZARU Jaket Varsity RYUNICHI,5,Bahannya bagus Desainnya kece Jahitannya top markotop Proses pesanan cepat Packaging rapi Respon penjualnya top,https://www.tokopedia.com/kizaru/kizaru-jaket-varsity-ryunichi-varsity-m
16,KIZARU Jaket Varsity RYUNICHI,5,bagus bahan enak adem,https://www.tokopedia.com/kizaru/kizaru-jaket-varsity-ryunichi-varsity-m
17,KIZARU Jaket Varsity RYUNICHI,5,"Barang sesuai pesanan, terimakasih!",https://www.tokopedia.com/kizaru/kizaru-jaket-varsity-ryunichi-varsity-m
18,KIZARU Jaket Varsity RYUNICHI,5,keren banget,https://www.tokopedia.com/kizaru/kizaru-jaket-varsity-ryunichi-varsity-m
19,KIZARU Jaket Varsity RYUNICHI,5,"Mantap lah ini kualitas nya selalu good, repeat order karena badan udah gedean",https://www.tokopedia.com/kizaru/kizaru-jaket-varsity-ryunichi-varsity-m
20,KIZARU Jaket Varsity RYUNICHI,5,Tebal berkualitas Modelnya stylish Desainnya kece Bahannya bagus Nyaman dipakai Ukurannya sesuai Jahitannya top markotop Penjualnya ramah banget Proses pesanan cepat Packaging aman Packaging rapi Respon penjualnya top,https://www.tokopedia.com/kizaru/kizaru-jaket-varsity-ryunichi-varsity-m
21,KIZARU Jaket Varsity RYUNICHI,1,"kualutas bagys ,, ujuran xxl nya gak standart. kecil",https://www.tokopedia.com/kizaru/kizaru-jaket-varsity-ryunichi-varsity-m
22,KIZARU Jaket Varsity RYUNICHI,2,"Kualitasnya dong gak yakin. Bagian kancing ini ditambah kain untuk pertebal supaya klo di lepas gak rusak. Hrus pelan"" lepasnya khawatir robek",https://www.tokopedia.com/kizaru/kizaru-jaket-varsity-ryunichi-varsity-m
23,KIZARU Jaket Varsity RYUNICHI,5,"barang bagus bgt, seller ramah",https://www.tokopedia.com/kizaru/kizaru-jaket-varsity-ryunichi-varsity-m
24,KIZARU Jaket Varsity RYUNICHI,5,tipis nya bahan nya....kayak kertas...bagus sih..cuman tipis banget..tembus pandang lagi samar gitu dalaman nya,https://www.tokopedia.com/kizaru/kizaru-jaket-varsity-ryunichi-varsity-m
25,KIZARU Jaket Varsity RYUNICHI,5,"barang bagus, bahan enak, pengiriman cepat.",https://www.tokopedia.com/kizaru/kizaru-jaket-varsity-ryunichi-varsity-m
26,KIZARU Jaket Varsity RYUNICHI,5,kereen abiss pembelian pertama,https://www.tokopedia.com/kizaru/kizaru-jaket-varsity-ryunichi-varsity-m
27,KIZARU Jaket Varsity RYUNICHI,5,bahan tipis banget untuk harga segini untuk model oke lah,https://www.tokopedia.com/kizaru/kizaru-jaket-varsity-ryunichi-varsity-m
28,KIZARU Jaket Varsity RYUNICHI,5,"Sangat bagus, bahan enak, dan warna keluar bgt, cuma XLnya agak kekecilan. Next pesen lagi XXL",https://www.tokopedia.com/kizaru/kizaru-jaket-varsity-ryunichi-varsity-m
29,KIZARU Jaket Varsity RYUNICHI,4,lumayan bagus..,https://www.tokopedia.com/kizaru/kizaru-jaket-varsity-ryunichi-varsity-m
30,KIZARU Jaket Varsity RYUNICHI,5,"barang mantap, seller fast respon",https://www.tokopedia.com/kizaru/kizaru-jaket-varsity-ryunichi-varsity-m
31,KIZARU Jaket Varsity RYUNICHI,3,seperti jaket olahraga,https://www.tokopedia.com/kizaru/kizaru-jaket-varsity-ryunichi-varsity-m
32,KIZARU Jaket Varsity RYUNICHI,5,pengiriman cepat,https://www.tokopedia.com/kizaru/kizaru-jaket-varsity-ryunichi-varsity-m
33,KIZARU Jaket Varsity RYUNICHI,5,mantap,https://www.tokopedia.com/kizaru/kizaru-jaket-varsity-ryunichi-varsity-m
34,KIZARU Jaket Varsity RYUNICHI,5,mantabs,https://www.tokopedia.com/kizaru/kizaru-jaket-varsity-ryunichi-varsity-m
35,KIZARU Jaket Varsity RYUNICHI,5,"Seller fast respond & produk sesuai, thanks...",https://www.tokopedia.com/kizaru/kizaru-jaket-varsity-ryunichi-varsity-m
36,KIZARU Jaket Varsity RYUNICHI,5,"Bagus, anak saya suka . Rapih ..thx",https://www.tokopedia.com/kizaru/kizaru-jaket-varsity-ryunichi-varsity-m
37,KIZARU Jaket Varsity RYUNICHI,5,bagus,https://www.tokopedia.com/kizaru/kizaru-jaket-varsity-ryunichi-varsity-m
38,KIZARU Jaket Varsity RYUNICHI,5,Mantaaps,https://www.tokopedia.com/kizaru/kizaru-jaket-varsity-ryunichi-varsity-m
39,KIZARU Jaket Varsity RYUNICHI,5,mantap,https://www.tokopedia.com/kizaru/kizaru-jaket-varsity-ryunichi-varsity-m
40,KIZARU Jaket Varsity RYUNICHI,5,gperlu ragu lagi dengan kualitas bahan sama kualitas sablon klo beli di kizaru,https://www.tokopedia.com/kizaru/kizaru-jaket-varsity-ryunichi-varsity-m
41,KIZARU Jaket Varsity RYUNICHI,4,ada karat sedikit dibagian dalam jaket,https://www.tokopedia.com/kizaru/kizaru-jaket-varsity-ryunichi-varsity-m
42,KIZARU Jaket Varsity RYUNICHI,5,"ini udh yg keberapa ya,, lupa wkwkwkwk",https://www.tokopedia.com/kizaru/kizaru-jaket-varsity-ryunichi-varsity-m
43,KIZARU Jaket Varsity RYUNICHI,5,terima kasih anak saya suka,https://www.tokopedia.com/kizaru/kizaru-jaket-varsity-ryunichi-varsity-m
44,KIZARU Jaket Varsity RYUNICHI,4,"jaketnya ternyata tipis, sehingga pas dibuka kancingnya, agak hati2 takut robek kalo bukanya, warna sablon belakang kurang cerah pudar di saya, sedangkan foto ditampilkan warnanya bagus, dan ternyata untuk ukuran XXL kurang muat di saya sehingga tidak saya tutup kalo saya pakai",https://www.tokopedia.com/kizaru/kizaru-jaket-varsity-ryunichi-varsity-m
45,KIZARU Jaket Varsity RYUNICHI,5,"perfect banget, Nyaman dipakai. terbaik",https://www.tokopedia.com/kizaru/kizaru-jaket-varsity-ryunichi-varsity-m
46,KIZARU Jaket Varsity RYUNICHI,5,Bahannya bagus.,https://www.tokopedia.com/kizaru/kizaru-jaket-varsity-ryunichi-varsity-m
47,KIZARU Jaket Varsity RYUNICHI,5,Desainnya kece.,https://www.tokopedia.com/kizaru/kizaru-jaket-varsity-ryunichi-varsity-m
48,KIZARU Jaket Varsity RYUNICHI,5,"wah terbaik emang Kizaru, model dan bahannya ga pernah ngecewain",https://www.tokopedia.com/kizaru/kizaru-jaket-varsity-ryunichi-varsity-m
49,KIZARU Jaket Varsity RYUNICHI,5,"Proses pesanan cepat, Bahannya dan modelnya bagus.",https://www.tokopedia.com/kizaru/kizaru-jaket-varsity-ryunichi-varsity-m
50,KIZARU Jaket Varsity RYUNICHI,5,gila pengirimannya cepet banget yang biasanya 4 harian ini aku pesen minggu senen dah nyampe modelnya juga bagus real pict pokoknya Bahannya bagus Nyaman dipakai,https://www.tokopedia.com/kizaru/kizaru-jaket-varsity-ryunichi-varsity-m
51,KIZARU Jaket Varsity RYUNICHI,5,Desainnya kece.,https://www.tokopedia.com/kizaru/kizaru-jaket-varsity-ryunichi-varsity-m
52,KIZARU Jaket Varsity RYUNICHI,5,legit barangnya..mantappp,https://www.tokopedia.com/kizaru/kizaru-jaket-varsity-ryunichi-varsity-m
53,KIZARU Jaket Varsity RYUNICHI,4,Bahannya bagus.,https://www.tokopedia.com/kizaru/kizaru-jaket-varsity-ryunichi-varsity-m
54,KIZARU Jaket Varsity RYUNICHI,5,"I like it very much, according to the description, has an inside pocket",https://www.tokopedia.com/kizaru/kizaru-jaket-varsity-ryunichi-varsity-m
55,KIZARU Jaket Varsity RYUNICHI,5,trimakasih banyak ya,https://www.tokopedia.com/kizaru/kizaru-jaket-varsity-ryunichi-varsity-m
56,KIZARU Jaket Varsity RYUNICHI,5,agak sempit di pergelangan tangan,https://www.tokopedia.com/kizaru/kizaru-jaket-varsity-ryunichi-varsity-m
57,KIZARU Jaket Varsity RYUNICHI,5,Modelnya stylish. sayang tipis,https://www.tokopedia.com/kizaru/kizaru-jaket-varsity-ryunichi-varsity-m
58,KIZARU Jaket Varsity RYUNICHI,5,"Jahitannya top markotop. + bonus stiker keren. Cuma untuk lengan masih agak kekecilan, selebihnya top",https://www.tokopedia.com/kizaru/kizaru-jaket-varsity-ryunichi-varsity-m
59,KREMLIN Varsity Jacket - Z'Academy,5,"pas di badan, pengiriman cepat, recomendeed seller",https://www.tokopedia.com/kremlinofficial/kremlin-varsity-jacket-z-academy-m-6a81
60,KREMLIN Varsity Jacket - Z'Academy,5,"kualitas bagus banget, TB 175 BB 75 pas ambil XL",https://www.tokopedia.com/kremlinofficial/kremlin-varsity-jacket-z-academy-m-6a81
61,KREMLIN Varsity Jacket - Z'Academy,5,"Alhamdulillah udh lama jd wishlist akhirnya kesampaian, sesuai ekspektasi, bahan lembut, tebel, bordir ok n nyaman dipakai. Ukuran sesuai asalkan jgn lupa lihat size chart. Pengiriman aja H+1 bs dimaklumi krna psti full order. Tenkiu",https://www.tokopedia.com/kremlinofficial/kremlin-varsity-jacket-z-academy-m-6a81
62,KREMLIN Varsity Jacket - Z'Academy,5,"Topp banget, design cakepp, kualitas oke… Thx yaa",https://www.tokopedia.com/kremlinofficial/kremlin-varsity-jacket-z-academy-m-6a81
63,KREMLIN Varsity Jacket - Z'Academy,5,Bagussss keren,https://www.tokopedia.com/kremlinofficial/kremlin-varsity-jacket-z-academy-m-6a81
64,KREMLIN Varsity Jacket - Z'Academy,5,Aseli keren ni jaket...,https://www.tokopedia.com/kremlinofficial/kremlin-varsity-jacket-z-academy-m-6a81
65,KREMLIN Varsity Jacket - Z'Academy,5,"model keren, bahan tebel, ukuran pas, kualitas sesuai dengn harga",https://www.tokopedia.com/kremlinofficial/kremlin-varsity-jacket-z-academy-m-6a81
66,KREMLIN Varsity Jacket - Z'Academy,5,"Dbest dach, dr model, bahan, jahitan sdh tdk diragukan, udh 2 kali beli disini, just info: klo mau order hrs naik 1 size ya gaess.. thanks",https://www.tokopedia.com/kremlinofficial/kremlin-varsity-jacket-z-academy-m-6a81
67,KREMLIN Varsity Jacket - Z'Academy,5,"gede bgt, ternyata bahu nya lumayan lebar, bahnnya tebal untuk dijadikan jeket motoran cocok sebagai wind breaker, bahan luarnya bags bgt, tpi kyk nya lbih bagus klo bahan Salam nya dirubah terutama di lengan, bakal terasa lbih nyaman dipakai",https://www.tokopedia.com/kremlinofficial/kremlin-varsity-jacket-z-academy-m-6a81
68,KREMLIN Varsity Jacket - Z'Academy,5,Kerenn abis,https://www.tokopedia.com/kremlinofficial/kremlin-varsity-jacket-z-academy-m-6a81
69,KREMLIN Varsity Jacket - Z'Academy,5,"Kremlin ga pernah ga muasin, model, bahan, ukuran semuanya bagus banget, udah 4 kali beli jaket disini semuanya kualitas banget, love kremlin ! mood auto keangkat !",https://www.tokopedia.com/kremlinofficial/kremlin-varsity-jacket-z-academy-m-6a81
70,KREMLIN Varsity Jacket - Z'Academy,5,mantappp,https://www.tokopedia.com/kremlinofficial/kremlin-varsity-jacket-z-academy-m-6a81
71,KREMLIN Varsity Jacket - Z'Academy,5,ukurannya pas terima kasih ya,https://www.tokopedia.com/kremlinofficial/kremlin-varsity-jacket-z-academy-m-6a81
72,KREMLIN Varsity Jacket - Z'Academy,5,barang sesuai pesanan.. mantap,https://www.tokopedia.com/kremlinofficial/kremlin-varsity-jacket-z-academy-m-6a81
73,KREMLIN Varsity Jacket - Z'Academy,5,"bahan nya tebel, mantep. kualitas ok... sesuai harapan",https://www.tokopedia.com/kremlinofficial/kremlin-varsity-jacket-z-academy-m-6a81
74,KREMLIN Varsity Jacket - Z'Academy,5,"untuk model sih bagus banget dan bordirannya cukup rapih aku suka banget, Terimakasih untuk varsity nya semoga ada yang lebih bagus lagi dari yang sebelumnya",https://www.tokopedia.com/kremlinofficial/kremlin-varsity-jacket-z-academy-m-6a81
75,KREMLIN Varsity Jacket - Z'Academy,5,"bahan bagus dan rapi, ukuran pas, harga sesuai kualitas",https://www.tokopedia.com/kremlinofficial/kremlin-varsity-jacket-z-academy-m-6a81
76,KREMLIN Varsity Jacket - Z'Academy,5,good,https://www.tokopedia.com/kremlinofficial/kremlin-varsity-jacket-z-academy-m-6a81
77,KREMLIN Varsity Jacket - Z'Academy,5,bahan & model bagus. size oke,https://www.tokopedia.com/kremlinofficial/kremlin-varsity-jacket-z-academy-m-6a81
78,KREMLIN Varsity Jacket - Z'Academy,5,kualitas produk sangat baik dan proses cepat,https://www.tokopedia.com/kremlinofficial/kremlin-varsity-jacket-z-academy-m-6a81
79,KREMLIN Varsity Jacket - Z'Academy,5,kerenn,https://www.tokopedia.com/kremlinofficial/kremlin-varsity-jacket-z-academy-m-6a81
80,KREMLIN Varsity Jacket - Z'Academy,5,Mantap poll kualitasnya,https://www.tokopedia.com/kremlinofficial/kremlin-varsity-jacket-z-academy-m-6a81
81,KREMLIN Varsity Jacket - Z'Academy,5,Bahannya mantep bangetttt!,https://www.tokopedia.com/kremlinofficial/kremlin-varsity-jacket-z-academy-m-6a81
82,KREMLIN Varsity Jacket - Z'Academy,5,"barang sudah sampai, untuk packaging saya nilai rapih, kali ini saya pilih XL karena entah kenapa pembelian yang lalu” kalau L itu lebih muat ke M.. ( padahal saya kalau merek lain L selalu pas kadang kebesaran ) jadi yang L itu kekecilan buat saya, untung XL pas.. untuk kenyamanan dan bahan bagus, gak usah ditanya lagi terima kasih kremlin, sukses selalu",https://www.tokopedia.com/kremlinofficial/kremlin-varsity-jacket-z-academy-m-6a81
83,KREMLIN Varsity Jacket - Z'Academy,5,mntaps berasa jadi abang abangan,https://www.tokopedia.com/kremlinofficial/kremlin-varsity-jacket-z-academy-m-6a81
84,KREMLIN Varsity Jacket - Z'Academy,5,bahan premium. ada harga ada kualitas yaa. koleksi yg ke 3 btw. recommended sih. thanks,https://www.tokopedia.com/kremlinofficial/kremlin-varsity-jacket-z-academy-m-6a81
85,KREMLIN Varsity Jacket - Z'Academy,5,mantap bgt sesuai harapan. bahan bagus jahitan rapi nyaman dipakai,https://www.tokopedia.com/kremlinofficial/kremlin-varsity-jacket-z-academy-m-6a81
86,KREMLIN Varsity Jacket - Z'Academy,5,"kereennnn, disarankan untuk yg mau beli lebihin 1 sizenya karna modelnya lebih cocok oversize",https://www.tokopedia.com/kremlinofficial/kremlin-varsity-jacket-z-academy-m-6a81
87,KREMLIN Varsity Jacket - Z'Academy,5,Keren! bagus banget! kualitas melebihi harga.,https://www.tokopedia.com/kremlinofficial/kremlin-varsity-jacket-z-academy-m-6a81
88,KREMLIN Varsity Jacket - Z'Academy,5,"Bahan oke,deaain keren",https://www.tokopedia.com/kremlinofficial/kremlin-varsity-jacket-z-academy-m-6a81
89,KREMLIN Varsity Jacket - Z'Academy,5,Mantap!,https://www.tokopedia.com/kremlinofficial/kremlin-varsity-jacket-z-academy-m-6a81
90,KREMLIN Varsity Jacket - Z'Academy,5,"mantap, barangnya bagus dan tiba di tujuan degan selamat",https://www.tokopedia.com/kremlinofficial/kremlin-varsity-jacket-z-academy-m-6a81
91,KREMLIN Varsity Jacket - Z'Academy,5,"bahannya ok banget, nungguin sebulan buat keluar size yg di inginkan. dah 2x beli jaket disini, gak mengecewakan. sukses gan",https://www.tokopedia.com/kremlinofficial/kremlin-varsity-jacket-z-academy-m-6a81
92,KREMLIN Varsity Jacket - Z'Academy,3,"bahannya oke, jahitannya banyak yg keluar dari jalur, proses pengemasannya 2 hari baru di proses.",https://www.tokopedia.com/kremlinofficial/kremlin-varsity-jacket-z-academy-m-6a81
93,KREMLIN Varsity Jacket - Z'Academy,5,"jaketnya bagus yaa adick-adick, tapi lebih bagus lagi foto sama ayang",https://www.tokopedia.com/kremlinofficial/kremlin-varsity-jacket-z-academy-m-6a81
94,KREMLIN Varsity Jacket - Z'Academy,5,mantap model nya cuma packing pada ke buka.. untungnya ga ada yg rusak,https://www.tokopedia.com/kremlinofficial/kremlin-varsity-jacket-z-academy-m-6a81
95,KREMLIN Varsity Jacket - Z'Academy,5,recomended seller,https://www.tokopedia.com/kremlinofficial/kremlin-varsity-jacket-z-academy-m-6a81
96,KREMLIN Varsity Jacket - Z'Academy,5,"keren gila, kualitas bahan nya oke, next belanja lg disini jaket lainnya biar ngoleksi",https://www.tokopedia.com/kremlinofficial/kremlin-varsity-jacket-z-academy-m-6a81
97,KREMLIN Varsity Jacket - Z'Academy,5,"mantap barangnya sesuai ekspetasi pas mau beli... buat kertas Certificate nya gampang rusak sad :( ,tapi overall mantap bet barangnya",https://www.tokopedia.com/kremlinofficial/kremlin-varsity-jacket-z-academy-m-6a81
98,KREMLIN Varsity Jacket - Z'Academy,5,nice..,https://www.tokopedia.com/kremlinofficial/kremlin-varsity-jacket-z-academy-m-6a81
99,KREMLIN Varsity Jacket - Z'Academy,5,BAGUS BANGET BANGKE,https://www.tokopedia.com/kremlinofficial/kremlin-varsity-jacket-z-academy-m-6a81
100,KREMLIN Varsity Jacket - Z'Academy,5,keren bordir nya mantap cuma bagian tangan agak kecil terlalu ngepres,https://www.tokopedia.com/kremlinofficial/kremlin-varsity-jacket-z-academy-m-6a81
101,KREMLIN Varsity Jacket - Z'Academy,5,"very nice design & color choice, i love it",https://www.tokopedia.com/kremlinofficial/kremlin-varsity-jacket-z-academy-m-6a81
102,KREMLIN Varsity Jacket - Z'Academy,5,mantab......,https://www.tokopedia.com/kremlinofficial/kremlin-varsity-jacket-z-academy-m-6a81
103,KREMLIN Varsity Jacket - Z'Academy,5,Cepet nyampe barang aman ga ada Kendala,https://www.tokopedia.com/kremlinofficial/kremlin-varsity-jacket-z-academy-m-6a81
104,KREMLIN Varsity Jacket - Z'Academy,5,Bahan nya mantap,https://www.tokopedia.com/kremlinofficial/kremlin-varsity-jacket-z-academy-m-6a81
105,KREMLIN Varsity Jacket - Z'Academy,5,"bahannya bagus dan lembut juga, bordiran nya rapih cakep overall puas sih dengan varsity nya kremlin cuma pengiriman nya aja yang agak lama, melebihi estimasi. saran buat yang TB 180 BB 90an ambil yang XL aja soalnya kalau XXL kepanjangan sih",https://www.tokopedia.com/kremlinofficial/kremlin-varsity-jacket-z-academy-m-6a81
106,KREMLIN Varsity Jacket - Z'Academy,5,"Modelnya bagus, sesuai ekspektasi",https://www.tokopedia.com/kremlinofficial/kremlin-varsity-jacket-z-academy-m-6a81
107,KREMLIN Varsity Jacket - Z'Academy,5,keren beut dah ahh,https://www.tokopedia.com/kremlinofficial/kremlin-varsity-jacket-z-academy-m-6a81
108,KREMLIN Varsity Jacket - Z'Academy,5,"model sama persis dengan pic, Bagus",https://www.tokopedia.com/kremlinofficial/kremlin-varsity-jacket-z-academy-m-6a81
109,KREMLIN Varsity Jacket - Z'Academy,5,produk Kremlin emang gak ada obat deh... Bahan tebal banget... bordirannya rapih pake banget... kualitas gak dragukan deh... bakalan repeat order lg klo gini sih..,https://www.tokopedia.com/kremlinofficial/kremlin-varsity-jacket-z-academy-m-6a81
110,KREMLIN Varsity Jacket - Z'Academy,5,"Pas di body, nyaman, tampilan nya keren",https://www.tokopedia.com/kremlinofficial/kremlin-varsity-jacket-z-academy-m-6a81
111,KREMLIN Varsity Jacket - Z'Academy,5,Engga nyangka ternyata melebihi ekspektasi.... Bagusssssssss bangeeeeettttt.,https://www.tokopedia.com/kremlinofficial/kremlin-varsity-jacket-z-academy-m-6a81
112,KREMLIN Varsity Jacket - Z'Academy,5,Good item gag nyesel belinya. tetep jaga kualitas kremlin,https://www.tokopedia.com/kremlinofficial/kremlin-varsity-jacket-z-academy-m-6a81
113,KREMLIN Varsity Jacket - Z'Academy,5,"Seperti biasa KREMLIN banget,produck,fast respon.pokoknya seller TOP gak pernah ngecewain CLOTHING nya belanja di kremlin.",https://www.tokopedia.com/kremlinofficial/kremlin-varsity-jacket-z-academy-m-6a81
114,KREMLIN Varsity Jacket - Z'Academy,5,Barang nya bagus fast respond cepat sampai,https://www.tokopedia.com/kremlinofficial/kremlin-varsity-jacket-z-academy-m-6a81
115,KREMLIN Varsity Jacket - Z'Academy,5,"Kalau boleh saran, bikin yg agak oversized. Tapi kualitasnya udah oke kok",https://www.tokopedia.com/kremlinofficial/kremlin-varsity-jacket-z-academy-m-6a81
116,KREMLIN Varsity Jacket - Z'Academy,5,Keren dan bordirannya bagus,https://www.tokopedia.com/kremlinofficial/kremlin-varsity-jacket-z-academy-m-6a81
117,KREMLIN Varsity Jacket - Z'Academy,5,"Tadinya kecewa krna pas pertama beli yg jaket coach sablon luntur,jadi nyoba beli lagi yg jaket model bordir biar g luntur",https://www.tokopedia.com/kremlinofficial/kremlin-varsity-jacket-z-academy-m-6a81
118,KREMLIN Varsity Jacket - Z'Academy,5,MANTAPPPPPPPPPPPPPPPP,https://www.tokopedia.com/kremlinofficial/kremlin-varsity-jacket-z-academy-m-6a81
119,KREMLIN Varsity Jacket - Z'Academy,5,goods,https://www.tokopedia.com/kremlinofficial/kremlin-varsity-jacket-z-academy-m-6a81
120,KREMLIN Varsity Jacket - Z'Academy,5,Keren Jaket nya...,https://www.tokopedia.com/kremlinofficial/kremlin-varsity-jacket-z-academy-m-6a81
121,KREMLIN Varsity Jacket - Z'Academy,5,"bagus banget, manaa cepet lagi 1 hari doang kagett thanks min",https://www.tokopedia.com/kremlinofficial/kremlin-varsity-jacket-z-academy-m-6a81
122,KREMLIN Varsity Jacket - Z'Academy,5,ukuran sesuai,https://www.tokopedia.com/kremlinofficial/kremlin-varsity-jacket-z-academy-m-6a81
123,KREMLIN Varsity Jacket - Z'Academy,5,"Bagus banget, bahan, kualitas dan modelnya. Pengiriman cepat, aman dan rapi. Tengkyu",https://www.tokopedia.com/kremlinofficial/kremlin-varsity-jacket-z-academy-m-6a81
124,KREMLIN Varsity Jacket - Z'Academy,5,"keren abizzzzz,,sumpah pasti bkal koleksi jaketnya yg lain juga otw lah",https://www.tokopedia.com/kremlinofficial/kremlin-varsity-jacket-z-academy-m-6a81
125,KREMLIN Varsity Jacket - Z'Academy,5,"jaket sesuai deskripsi, bahan, jahitan, dan bordir bagus. anak saya suka",https://www.tokopedia.com/kremlinofficial/kremlin-varsity-jacket-z-academy-m-6a81
126,KREMLIN Varsity Jacket - Z'Academy,5,"keren min jaketnya,sayangnya sticker nya kurang saya cuman dapat 4 bukan 6",https://www.tokopedia.com/kremlinofficial/kremlin-varsity-jacket-z-academy-m-6a81
127,KREMLIN Varsity Jacket - Z'Academy,5,Keren bgs bahannya juga tebel ga gerah,https://www.tokopedia.com/kremlinofficial/kremlin-varsity-jacket-z-academy-m-6a81
128,KREMLIN Varsity Jacket - Z'Academy,5,"Modelnya sangat bagus, ukuran pas untuk badan 170+ mending XL apalagi yang suka pake jam tangan, detail bordirnya gak nyangka bagus banget menurutku 9/10 hampir flawless untuk yg ukuran besar, yg mini” masih agak agak. Kondisi saat digunakan sangat nyaman, sama rekomendasi sama warnanya lebih bagus secara langsung waktu dilihat. Dengan ini saya lampirkan foto yang saya ambil",https://www.tokopedia.com/kremlinofficial/kremlin-varsity-jacket-z-academy-m-6a81
129,KREMLIN Varsity Jacket - Z'Academy,5,"Barang dah sampai,,, Mantap",https://www.tokopedia.com/kremlinofficial/kremlin-varsity-jacket-z-academy-m-6a81
130,KREMLIN Varsity Jacket - Z'Academy,5,"jaketnya keren, bordirannya rapi, ukurannya pas. bahannya tebel tapi adem.",https://www.tokopedia.com/kremlinofficial/kremlin-varsity-jacket-z-academy-m-6a81
131,KREMLIN Varsity Jacket - Z'Academy,5,"kualitas bagus, desain bagus, pengiriman cepat, sayang ini seperti ada noda tinta di saku kanan, kalo malem gk keliatan, kalo siang dikit keliatan",https://www.tokopedia.com/kremlinofficial/kremlin-varsity-jacket-z-academy-m-6a81
132,KREMLIN Varsity Jacket - Z'Academy,5,"Pokonya mantep banget dah, gak nyesel beli juga",https://www.tokopedia.com/kremlinofficial/kremlin-varsity-jacket-z-academy-m-6a81
133,KREMLIN Varsity Jacket - Z'Academy,5,"sangat memuaskan, barang sesuai, bahan juga bagus, beli jaket disini gabakal pernah kecewa, packing sangat bagus seperti membeli barang ekslusif, didalam nya sampai ada sertifikat",https://www.tokopedia.com/kremlinofficial/kremlin-varsity-jacket-z-academy-m-6a81
134,KREMLIN Varsity Jacket - Z'Academy,5,nyaman hangat sih sedikit gerah aja tapi overall mantap,https://www.tokopedia.com/kremlinofficial/kremlin-varsity-jacket-z-academy-m-6a81
135,KREMLIN Varsity Jacket - Z'Academy,5,keren,https://www.tokopedia.com/kremlinofficial/kremlin-varsity-jacket-z-academy-m-6a81
136,KREMLIN Varsity Jacket - Z'Academy,5,"mantep bahan sama desain nya, cuma kancing nya agak rawan copot. keren pokonya mah",https://www.tokopedia.com/kremlinofficial/kremlin-varsity-jacket-z-academy-m-6a81
137,KREMLIN Varsity Jacket - Z'Academy,5,"kualitas sesuai harganya, sangat puas. brand lokal tpp",https://www.tokopedia.com/kremlinofficial/kremlin-varsity-jacket-z-academy-m-6a81
138,KREMLIN Varsity Jacket - Z'Academy,5,"Keren sih ini varsity nya, ala ala film All of Us are Dead. Kremlin mah ga perlu ditanya lg ya kualitasnya. Sayangnya produk yg saya terima agak lecek kucel gt lengannya, tp semoga habis dicuci + disetrika bs mulus lg. Detail bordir jg ada bbrp yg kurang rapi jahitannya. Tp overall, nice & goodjob Kremlin",https://www.tokopedia.com/kremlinofficial/kremlin-varsity-jacket-z-academy-m-6a81
139,KREMLIN Varsity Jacket - Z'Academy,3,rapihin lagi jaitan nya,https://www.tokopedia.com/kremlinofficial/kremlin-varsity-jacket-z-academy-m-6a81
140,KREMLIN Varsity Jacket - Z'Academy,5,dope,https://www.tokopedia.com/kremlinofficial/kremlin-varsity-jacket-z-academy-m-6a81
141,KREMLIN Varsity Jacket - Z'Academy,5,thnks,https://www.tokopedia.com/kremlinofficial/kremlin-varsity-jacket-z-academy-m-6a81
142,KREMLIN Varsity Jacket - Z'Academy,5,ntapsss,https://www.tokopedia.com/kremlinofficial/kremlin-varsity-jacket-z-academy-m-6a81
143,KREMLIN Varsity Jacket - Z'Academy,5,bagus barang sesuai pic,https://www.tokopedia.com/kremlinofficial/kremlin-varsity-jacket-z-academy-m-6a81
144,KREMLIN Varsity Jacket - Z'Academy,5,Mantabb,https://www.tokopedia.com/kremlinofficial/kremlin-varsity-jacket-z-academy-m-6a81
145,KREMLIN Varsity Jacket - Z'Academy,5,"Bahan Enak lembut hangat, bordiran best rapih sekalii, thankss",https://www.tokopedia.com/kremlinofficial/kremlin-varsity-jacket-z-academy-m-6a81
146,KREMLIN Varsity Jacket - Z'Academy,5,"asli cakep bgt jaketnya, kece abis, bahannya enak, detail bordirannya mantap abizz",https://www.tokopedia.com/kremlinofficial/kremlin-varsity-jacket-z-academy-m-6a81
147,KREMLIN Varsity Jacket - Z'Academy,5,Gokil sih ini keren banget.. Ukuran sesuai pesanan.. Pengiriman cepat.. Packing aman.. Dikasih bonus stiker,https://www.tokopedia.com/kremlinofficial/kremlin-varsity-jacket-z-academy-m-6a81
148,KREMLIN Varsity Jacket - Z'Academy,3,Saya pesan dengan kurir nextday tapi datangnya 2 hari setelah pemesanan.,https://www.tokopedia.com/kremlinofficial/kremlin-varsity-jacket-z-academy-m-6a81
149,Varsity Jacket Rown Division Revolt Black White,5,mantapppppp,https://www.tokopedia.com/rowndvsnstore/varsity-jacket-rown-division-revolt-black-white-xl
150,Varsity Jacket Rown Division Revolt Black White,5,mantap suratap,https://www.tokopedia.com/rowndvsnstore/varsity-jacket-rown-division-revolt-black-white-xl
151,Varsity Jacket Rown Division Revolt Black White,5,Mantap betull,https://www.tokopedia.com/rowndvsnstore/varsity-jacket-rown-division-revolt-black-white-xl
152,Varsity Jacket Rown Division Revolt Black White,5,pengiriman sangat cepat,https://www.tokopedia.com/rowndvsnstore/varsity-jacket-rown-division-revolt-black-white-xl
153,Varsity Jacket Rown Division Revolt Black White,5,"bahannya adem banget, pengiriman nya juga cepet. modelnya juga keren, terimakasih",https://www.tokopedia.com/rowndvsnstore/varsity-jacket-rown-division-revolt-black-white-xl
154,Varsity Jacket Rown Division Revolt Black White,4,bagus sbenere tp kbesaren ga bisa tuker size..hehe,https://www.tokopedia.com/rowndvsnstore/varsity-jacket-rown-division-revolt-black-white-xl
155,Varsity Jacket Rown Division Revolt Black White,5,"high quality , bagus banget",https://www.tokopedia.com/rowndvsnstore/varsity-jacket-rown-division-revolt-black-white-xl
156,Varsity Jacket Rown Division Revolt Black White,5,Sesuai dengan harapan Thanks,https://www.tokopedia.com/rowndvsnstore/varsity-jacket-rown-division-revolt-black-white-xl
157,Varsity Jacket Rown Division Revolt Black White,5,bagus banget yaampun ukuran S untuk tb 165cm bb 50kg,https://www.tokopedia.com/rowndvsnstore/varsity-jacket-rown-division-revolt-black-white-xl
158,Varsity Jacket Rown Division Revolt Black White,5,Mantep..worth it lah ya,https://www.tokopedia.com/rowndvsnstore/varsity-jacket-rown-division-revolt-black-white-xl
159,Varsity Jacket Rown Division Revolt Black White,5,mantap jaketnya,https://www.tokopedia.com/rowndvsnstore/varsity-jacket-rown-division-revolt-black-white-xl
160,Varsity Jacket Rown Division Revolt Black White,5,"Sesuai harga kualitas oke punya, tebel bgt gak bakal kedinginan n bahannya bagus bukan sembarang varsity",https://www.tokopedia.com/rowndvsnstore/varsity-jacket-rown-division-revolt-black-white-xl
161,Varsity Jacket Rown Division Revolt Black White,5,"Model Ok, bahan tebal, pengiriman cpt",https://www.tokopedia.com/rowndvsnstore/varsity-jacket-rown-division-revolt-black-white-xl
162,Varsity Jacket Rown Division Revolt Black White,5,varsity bukan sembarang varsity :3,https://www.tokopedia.com/rowndvsnstore/varsity-jacket-rown-division-revolt-black-white-xl
163,Varsity Jacket Rown Division Revolt Black White,5,cakep banget wehhhh aseli worth it harga segini,https://www.tokopedia.com/rowndvsnstore/varsity-jacket-rown-division-revolt-black-white-xl
164,Varsity Jacket Rown Division Revolt Black White,5,Bahannya bagus Jahitannya top markotop Ukurannya sesuai,https://www.tokopedia.com/rowndvsnstore/varsity-jacket-rown-division-revolt-black-white-xl
165,Varsity Jacket Rown Division Revolt Black White,5,Mantap terbaik sesuai,https://www.tokopedia.com/rowndvsnstore/varsity-jacket-rown-division-revolt-black-white-xl
166,Varsity Jacket Rown Division Revolt Black White,5,"agak kecewa sih karena pengirimannya lebih dari seminggu, tapi masih jangkauan estimasi. sekejap langsung hilang rasa kecewa karena barangnya bagus banget sumpah",https://www.tokopedia.com/rowndvsnstore/varsity-jacket-rown-division-revolt-black-white-xl
167,Varsity Jacket Rown Division Revolt Black White,5,bagus,https://www.tokopedia.com/rowndvsnstore/varsity-jacket-rown-division-revolt-black-white-xl
168,Varsity Jacket Rown Division Revolt Black White,5,Tadinya sempet ragu. Ternyata Beneran Gurih TB : 182 BB : 70,https://www.tokopedia.com/rowndvsnstore/varsity-jacket-rown-division-revolt-black-white-xl
169,Varsity Jacket Rown Division Revolt Black White,5,"Bahannya bagus, tebal berkualitas, ukurannya sesuai, nyaman dipakai, modelnya stylish, desainnya kece, proses pesanan cepat, packaging aman",https://www.tokopedia.com/rowndvsnstore/varsity-jacket-rown-division-revolt-black-white-xl
170,Varsity Jacket Rown Division Revolt Black White,5,"Barang bagus, bagian lengan kulit, overall mantap!",https://www.tokopedia.com/rowndvsnstore/varsity-jacket-rown-division-revolt-black-white-xl
171,Varsity Jacket Rown Division Revolt Black White,5,suka banget mantappp dah,https://www.tokopedia.com/rowndvsnstore/varsity-jacket-rown-division-revolt-black-white-xl
172,Varsity Jacket Rown Division Revolt Black White,5,"gila bahan luar sama dalemnya bagus banget, kualitas terbaik",https://www.tokopedia.com/rowndvsnstore/varsity-jacket-rown-division-revolt-black-white-xl
173,Varsity Jacket Rown Division Revolt Black White,5,bahannya tebel,https://www.tokopedia.com/rowndvsnstore/varsity-jacket-rown-division-revolt-black-white-xl
174,Varsity Jacket Rown Division Revolt Black White,5,kureng sertipikat,https://www.tokopedia.com/rowndvsnstore/varsity-jacket-rown-division-revolt-black-white-xl
175,Varsity Jacket Rown Division Revolt Black White,5,"Barang barusan sampe dan puas sama jaketnya, sukses trs broo",https://www.tokopedia.com/rowndvsnstore/varsity-jacket-rown-division-revolt-black-white-xl
176,Varsity Jacket Rown Division Revolt Black White,5,"waw kece banget parahhh varsitynya,bahannya juga bagus,dan desain motif nya bagus banget overall this is recommended varsity jacket sih thank you ROWNDIVISION",https://www.tokopedia.com/rowndvsnstore/varsity-jacket-rown-division-revolt-black-white-xl
177,Varsity Jacket Rown Division Revolt Black White,5,"Sangat memuaskan, pengiriman cepat, kualitas terbaik",https://www.tokopedia.com/rowndvsnstore/varsity-jacket-rown-division-revolt-black-white-xl
178,Varsity Jacket Rown Division Revolt Black White,1,"Pengiriman sangat lama, diluar estimasi",https://www.tokopedia.com/rowndvsnstore/varsity-jacket-rown-division-revolt-black-white-xl
179,Varsity Jacket Rown Division Revolt Black White,5,"Bahan mantap, design keren, ukuran sesuai, pelayanan ramah, terbaik",https://www.tokopedia.com/rowndvsnstore/varsity-jacket-rown-division-revolt-black-white-xl
180,Outerwear Unisex Erigo Varsity Classic Ricquel Cream Gold,5,Barang sudah sampai sesuai pesanan dan tepat waktu.,https://www.tokopedia.com/erigo/outerwear-unisex-erigo-varsity-classic-ricquel-cream-gold-l
181,Outerwear Unisex Erigo Varsity Classic Ricquel Cream Gold,5,huaaaa heppy bangetttt akhirnya kebagiiian SIZE S berkat wishlist ddy tokped,https://www.tokopedia.com/erigo/outerwear-unisex-erigo-varsity-classic-ricquel-cream-gold-l
182,Outerwear Unisex Erigo Varsity Classic Ricquel Cream Gold,5,"bagus bahannya ,tapi ternyata kebesaran seharusnya aku pesan L",https://www.tokopedia.com/erigo/outerwear-unisex-erigo-varsity-classic-ricquel-cream-gold-l
183,Outerwear Unisex Erigo Varsity Classic Ricquel Cream Gold,5,mantap,https://www.tokopedia.com/erigo/outerwear-unisex-erigo-varsity-classic-ricquel-cream-gold-l
184,Outerwear Unisex Erigo Varsity Classic Ricquel Cream Gold,5,Sangat” bagus ada harga ada kualitas,https://www.tokopedia.com/erigo/outerwear-unisex-erigo-varsity-classic-ricquel-cream-gold-l
185,Outerwear Unisex Erigo Varsity Classic Ricquel Cream Gold,5,"BB 87 TB 170 pake size XL sedikit kegedean, tp tetep nyaman",https://www.tokopedia.com/erigo/outerwear-unisex-erigo-varsity-classic-ricquel-cream-gold-l
186,Outerwear Unisex Erigo Varsity Classic Ricquel Cream Gold,5,Bagus,https://www.tokopedia.com/erigo/outerwear-unisex-erigo-varsity-classic-ricquel-cream-gold-l
187,Outerwear Unisex Erigo Varsity Classic Ricquel Cream Gold,5,"suka bgt! tp utk aku yg BB 60/TB 158 harusnya pilih size M biar pas gitu di badan, soalnya yg L jatuhnya sedikit terlalu over-sized hihii tp gpp ttp the bestt sihh!",https://www.tokopedia.com/erigo/outerwear-unisex-erigo-varsity-classic-ricquel-cream-gold-l
188,Outerwear Unisex Erigo Varsity Classic Ricquel Cream Gold,5,Keren,https://www.tokopedia.com/erigo/outerwear-unisex-erigo-varsity-classic-ricquel-cream-gold-l
189,Outerwear Unisex Erigo Varsity Classic Ricquel Cream Gold,5,"Ukurannya sesuai Bahannya bagus Desainnya kece, yg biasa pake size m aku saranin better upsize satu size soalnya cutting nya bagus banget cocok",https://www.tokopedia.com/erigo/outerwear-unisex-erigo-varsity-classic-ricquel-cream-gold-l
190,Iwearzule - Jaket Varsity Life Is Fighting Kolaborasi Iwearzule X R7,5,"Respon toko bagus, hanya untuk pilihan kurir terbatas, udah pake service Nextday rasa seperti Regular",https://www.tokopedia.com/iwearzule/iwearzule-jaket-varsity-life-is-fighting-kolaborasi-iwearzule-x-r7-m
191,Iwearzule - Jaket Varsity Life Is Fighting Kolaborasi Iwearzule X R7,5,"bagus banget, bahannya nyaman, pengiriman cepat, dan pelayanan sangat baik",https://www.tokopedia.com/iwearzule/iwearzule-jaket-varsity-life-is-fighting-kolaborasi-iwearzule-x-r7-m
192,Iwearzule - Jaket Varsity Life Is Fighting Kolaborasi Iwearzule X R7,5,Ga ada obat,https://www.tokopedia.com/iwearzule/iwearzule-jaket-varsity-life-is-fighting-kolaborasi-iwearzule-x-r7-m
193,Iwearzule - Jaket Varsity Life Is Fighting Kolaborasi Iwearzule X R7,5,mantap,https://www.tokopedia.com/iwearzule/iwearzule-jaket-varsity-life-is-fighting-kolaborasi-iwearzule-x-r7-m
194,Iwearzule - Jaket Varsity Life Is Fighting Kolaborasi Iwearzule X R7,4,"Modelnya bagus, bahan juga quality cuma aga ga rapi jaitan di salah satu kantongnya (masih rapet)",https://www.tokopedia.com/iwearzule/iwearzule-jaket-varsity-life-is-fighting-kolaborasi-iwearzule-x-r7-m
195,Iwearzule - Jaket Varsity Life Is Fighting Kolaborasi Iwearzule X R7,5,Keren.. Thankyou buat Collab Sama Bang Galak,https://www.tokopedia.com/iwearzule/iwearzule-jaket-varsity-life-is-fighting-kolaborasi-iwearzule-x-r7-m
196,Iwearzule - Jaket Varsity Life Is Fighting Kolaborasi Iwearzule X R7,5,Keren banget! Pas!,https://www.tokopedia.com/iwearzule/iwearzule-jaket-varsity-life-is-fighting-kolaborasi-iwearzule-x-r7-m
197,Iwearzule - Jaket Varsity Life Is Fighting Kolaborasi Iwearzule X R7,5,mantapp,https://www.tokopedia.com/iwearzule/iwearzule-jaket-varsity-life-is-fighting-kolaborasi-iwearzule-x-r7-m
198,Iwearzule - Jaket Varsity Life Is Fighting Kolaborasi Iwearzule X R7,5,Ukurannya sesuai Jahitannya top markotop Desainnya kece,https://www.tokopedia.com/iwearzule/iwearzule-jaket-varsity-life-is-fighting-kolaborasi-iwearzule-x-r7-m
199,Iwearzule - Jaket Varsity Life Is Fighting Kolaborasi Iwearzule X R7,5,mntapp,https://www.tokopedia.com/iwearzule/iwearzule-jaket-varsity-life-is-fighting-kolaborasi-iwearzule-x-r7-m
200,Iwearzule - Jaket Varsity Life Is Fighting Kolaborasi Iwearzule X R7,5,Manttao Tebal berkualitas,https://www.tokopedia.com/iwearzule/iwearzule-jaket-varsity-life-is-fighting-kolaborasi-iwearzule-x-r7-m